[
 {
        "name": "Centre of the Circle",
        "cost": 500,
	   "isNationalWonder": true,
        "maintenance": 15,
        "hurryCostModifier": 25,
		  "uniques": ["[+1 Gold,+1 Production,+1 Food] per [5] population [in this city]","New units start with [30] Experience","Provides [1] [Summons]"],
        "requiredTech": "Archaeology",
       "quote": "Let silver and steel be the essence, Let stone and the archduke of contracts be the foundation, Let (colour of the catalyst) the colour I pay tribute to / Let my great Master (your ancestor’s surname) be the ancestor*, Let rise a wall against the wind that shall fall, Let the four cardinal gates close. Let the three-forked road from the crown reaching unto the Kingdom rotate. I hereby declare. Your body shall serve under me. My fate shall be your sword. Submit to the beckoning of the Holy Grail. If you will submit to this will and this reason…Then answer! An oath shall be sworn here! I shall attain all virtues of all of Heaven. I shall have dominion over all evils of all of Hell! (For Berserker Class only: Yet, though serves with thine eyes clouded in chaos, Thou, bound in the cage of madness. I am he who command these chaos) From the Seventh Heaven, attended to by three greet words of power, Come forth from the ring of restraints, Protector of the Holy Balance!"


 },
]
