[
{
		"name": "The Demon Hunters",
		"adjective": ["Demon Hunters"],
         "startBias": ["Avoid [Tundra]"],
		"preferredVictoryType": "Domination",
         "leaderName": "Shiki Ryougi",
		"declaringWar": "You leave us no choice. War it must be.",
		"attacked": "Very well, this shall not be forgotten.",
		"defeated": "You fiend! History shall remember this!",
		"outerColor": [0, 0, 0],
		"innerColor": [185,132,66],
		"cities": ["Nanaya district","Fujou district","Ryougi district","Asakami district","Asagami district"],
		"startIntroPart1": "The Demon Hunter Organization (退魔組織, Taima Soshiki?) is an important element of the Nasuverse within the stories of Tsukihime, Kara no Kyoukai, and Kagetsu Tohya. Though it is not often referred to directly, it is related to many of the core characters of those stories. The Organization is made up of four families, all of whom have a psychic ability. The Organization's main opponent are the Mixed-Blood descendants from the Oni Kind, which partially included the Tohno Family. However, even some members of the Organization are known to have inhuman blood coursing through their veins.",
		"startIntroPart2": "The main purpose of the organization is simple: destroy demons or Mixed-Bloods that have thick demon blood, as they see them as an abnormality that must be corrected. A Demon is a disruption and Demon Hunters are a gathering of those who fix the disruption within nature but they can't fix the disruption within humans. Because the Demon Hunters are an organization in the lawful spell branch, created by humans to protect the human society, as such, they are not supposed to hurt humans. For that reason, they will have a difficult time against a Mixed-Blood, as they are not a disruption. In order for a hybrid to be considered a disruption, the demon blood needs to become thicker than the human blood. These demon hybrids who can't maintain the human side anymore are seen as being out of alignment, and the Demon Hunters finally see them as their target. However, when the hybrids go out of alignment, they become the worst enemy for the Demon Hunters. Because they have a human side, binding spells won't work on them and because they have the alien power of the demons, it's impossible to stand up against them with the body of a human. In the past when weapons were undeveloped, killing them meant many casualties. However the Nanaya family apparently did have some sort of understanding with the Tohno family, as evidenced by their reaction during the Tohno family's attack",
		
		"declaringWar": "The demon wants the blood of soldiers!",
		"attacked": "Oh well, I presume you know what you're doing.",
		"defeated": "It is over. Perhaps now I shall have peace, at last.",
		"introduction": "Are you real or a phantom?",
		
		"neutralHello": "Greetings.",
		"hateHello": "What do YOU want?!",
		
		"tradeRequest": "It appears that you do have a reason for existing – to make this deal with me.",
				
		"outerColor": [0,12,255],
		"innerColor": [255,0,0], 
		"uniqueName": "Hunter sociaty",
		"uniques": ["Receive free [Great General] when you discover [Chilvary, Steel, Gunpowder]", "[Great General] is earned [45]% faster", "[+45]% attacking Strength for cities", "[+1 Food, +1 Gold] from every [Camp]"],
	},
//city states
{
		"name": "The Clock Tower",
		"adjective": ["Tower magi"],
		"cityStateType": "Cultured",
		
		"declaringWar": "You leave us no choice. War it must be.",
		"attacked": "Very well, this shall not be forgotten.",
		"defeated": "You fiend! History shall remember this!",
		"outerColor": [0, 0, 0],
		"innerColor": [185,132,66],
		"cities": ["The Clock Tower"],
	},
{
		"name": "The Holy Church",
		"adjective": ["Holy men"],
		"cityStateType": "Cultured",
		
		"declaringWar": "You leave us no choice. War it must be.",
		"attacked": "Very well, this shall not be forgotten.",
		"defeated": "You fiend! History shall remember this!",
		"outerColor": [0, 0, 0],
		"innerColor": [185,132,66],
		"cities": ["The Holy Church"],
	},
{
		"name": "The Chaldea Security Organisation",
		"adjective": ["Chaldeas"],
		"cityStateType": "Militaristic",
		"declaringWar": "You leave us no choice. War it must be.",
		"attacked": "Very well, this shall not be forgotten.",
		"defeated": "You fiend! History shall remember this!",
		"outerColor": [0, 0, 0],
		"innerColor": [185,132,66],
		"cities": ["The Chaldea Security Organisation"],
	},
{
		"name": "The Atlas Temple",
		"adjective": ["Alchemists"],
		"cityStateType": "Mercantile",
		"declaringWar": "You leave us no choice. War it must be.",
		"attacked": "Very well, this shall not be forgotten.",
		"defeated": "You fiend! History shall remember this!",
		"outerColor": [0, 0, 0],
		"innerColor": [185,132,66],
		"cities": ["Institute of Aggregation and Analysis"],
	},
{
		"name": "The Earth Clan",
		"adjective": ["Earth Clan members"],
		"cityStateType": "Militaristic",
		"declaringWar": "You leave us no choice. War it must be.",
		"attacked": "Very well, this shall not be forgotten.",
		"defeated": "You fiend! History shall remember this!",
		"outerColor": [0, 0, 0],
		"innerColor": [185,132,66],
		"cities": ["The Earth Clan"],
	},
{
		"name": "The Faldeus Organisation",
		"adjective": ["The Organizers"],
		"cityStateType": "Cultured",
		"declaringWar": "You leave us no choice. War it must be.",
		"attacked": "Very well, this shall not be forgotten.",
		"defeated": "You fiend! History shall remember this!",
		"outerColor": [0, 0, 0],
		"innerColor": [185,132,66],
		"cities": ["The Faldeus Organisation"],
	},
{
		"name": "The Fang Clan",
		"adjective": ["Fang Clan members"],
		"cityStateType": "Cultured",
		"declaringWar": "You leave us no choice. War it must be.",
		"attacked": "Very well, this shall not be forgotten.",
		"defeated": "You fiend! History shall remember this!",
		"outerColor": [0, 0, 0],
		"innerColor": [185,132,66],
		"cities": ["The Fang Clan"],
	},
{
		"name": "The King Clan",
		"adjective": ["King Clan members"],
		"cityStateType": "Cultured",
		"declaringWar": "You leave us no choice. War it must be.",
		"attacked": "Very well, this shall not be forgotten.",
		"defeated": "You fiend! History shall remember this!",
		"outerColor": [0, 0, 0],
		"innerColor": [185,132,66],
		"cities": ["The King Clan"],
	},
{
		"name": "The Mage's Association",
		"adjective": ["Magi"],
		"cityStateType": "Cultured",
		"declaringWar": "You leave us no choice. War it must be.",
		"attacked": "Very well, this shall not be forgotten.",
		"defeated": "You fiend! History shall remember this!",
		"outerColor": [0, 0, 0],
		"innerColor": [185,132,66],
		"cities": ["The Mage's Association"],
	},
{
		"name": "The Marble Trading Company",
		"adjective": ["Milanese"],
		"cityStateType": "Cultured",
		"declaringWar": "You leave us no choice. War it must be.",
		"attacked": "Very well, this shall not be forgotten.",
		"defeated": "You fiend! History shall remember this!",
		"outerColor": [0, 0, 0],
		"innerColor": [185,132,66],
		"cities": ["The Marble Trading Company"],
	},
{
		"name": "The New Five Great Mafias",
		"adjective": ["Milanese"],
		"cityStateType": "Cultured",
		"declaringWar": "You leave us no choice. War it must be.",
		"attacked": "Very well, this shall not be forgotten.",
		"defeated": "You fiend! History shall remember this!",
		"outerColor": [0, 0, 0],
		"innerColor": [185,132,66],
		"cities": ["The New Five Great Mafias"],
	},
{
		"name": "The Nine Fox Foundation",
		"adjective": ["Milanese"],
		"cityStateType": "Cultured",
		"declaringWar": "You leave us no choice. War it must be.",
		"attacked": "Very well, this shall not be forgotten.",
		"defeated": "You fiend! History shall remember this!",
		"outerColor": [0, 0, 0],
		"innerColor": [185,132,66],
		"cities": ["The Nine Fox Foundation"],
	},
{
		"name": "The Prague Association",
		"adjective": ["Milanese"],
		"cityStateType": "Cultured",
		"declaringWar": "You leave us no choice. War it must be.",
		"attacked": "Very well, this shall not be forgotten.",
		"defeated": "You fiend! History shall remember this!",
		"outerColor": [0, 0, 0],
		"innerColor": [185,132,66],
		"cities": ["The Prague Association"],
	},
{
		"name": "The Resistance",
		"adjective": ["Milanese"],
		"cityStateType": "Cultured",
		"declaringWar": "You leave us no choice. War it must be.",
		"attacked": "Very well, this shall not be forgotten.",
		"defeated": "You fiend! History shall remember this!",
		"outerColor": [0, 0, 0],
		"innerColor": [185,132,66],
		"cities": ["The Resistance"],
	},
{
		"name": "The Shinsengumi",
		"adjective": ["Milanese"],
		"cityStateType": "Cultured",
		"declaringWar": "You leave us no choice. War it must be.",
		"attacked": "Very well, this shall not be forgotten.",
		"defeated": "You fiend! History shall remember this!",
		"outerColor": [0, 0, 0],
		"innerColor": [185,132,66],
		"cities": ["The Shinsengumi"],
	},
{
		"name": "The Thorn",
		"adjective": ["Milanese"],
		"cityStateType": "Cultured",
		"declaringWar": "You leave us no choice. War it must be.",
		"attacked": "Very well, this shall not be forgotten.",
		"defeated": "You fiend! History shall remember this!",
		"outerColor": [0, 0, 0],
		"innerColor": [185,132,66],
		"cities": ["The Thorn"],
	},
{
		"name": "The Thule Society",
		"adjective": ["Milanese"],
		"cityStateType": "Cultured",
		"declaringWar": "You leave us no choice. War it must be.",
		"attacked": "Very well, this shall not be forgotten.",
		"defeated": "You fiend! History shall remember this!",
		"outerColor": [0, 0, 0],
		"innerColor": [185,132,66],
		"cities": ["The Thule Society"],
	},
{
		"name": "The Western European Plutocracy",
		"adjective": ["Milanese"],
		"cityStateType": "Cultured",
		"declaringWar": "You leave us no choice. War it must be.",
		"attacked": "Very well, this shall not be forgotten.",
		"defeated": "You fiend! History shall remember this!",
		"outerColor": [0, 0, 0],
		"innerColor": [185,132,66],
		"cities": ["The Western European Plutocracy"],
	},
{
		"name": "The Wing Clan",
		"adjective": ["Milanese"],
		"cityStateType": "Cultured",
		"declaringWar": "You leave us no choice. War it must be.",
		"attacked": "Very well, this shall not be forgotten.",
		"defeated": "You fiend! History shall remember this!",
		"outerColor": [0, 0, 0],
		"innerColor": [185,132,66],
		"cities": ["The Wing Clan"],
	},
{
		"name": "The Wind Clan",
		"adjective": ["Milanese"],
		"cityStateType": "Cultured",
		"declaringWar": "You leave us no choice. War it must be.",
		"attacked": "Very well, this shall not be forgotten.",
		"defeated": "You fiend! History shall remember this!",
		"outerColor": [0, 0, 0],
		"innerColor": [185,132,66],
		"cities": ["The Wind Clan"],
	},
{
		"name": "The Yggdmillennia magi",
		"adjective": ["Milanese"],
		"cityStateType": "Cultured",
		"declaringWar": "You leave us no choice. War it must be.",
		"attacked": "Very well, this shall not be forgotten.",
		"defeated": "You fiend! History shall remember this!",
		"outerColor": [0, 0, 0],
		"innerColor": [185,132,66],
		"cities": ["The Yggdmillennia magi"],
	},
]
